<?xml version="1.0" encoding="UTF-8" standalone="yes"?>
<addon id="plugin.program.Choto"
 name="[COLOR aqua]Choto[/COLOR]" 
 version="1.0" 
 provider-name="ElChotoVolador">
  <requires>
    <import addon="xbmc.python" version="2.1.0"/>
  </requires>
  <extension point="xbmc.python.pluginsource" library="default.py">
    <provides>executable</provides>
  </extension>
  <extension point="xbmc.service" library="startup.py" start="startup" />
  <extension point="xbmc.addon.metadata">
    <summary lang="en">[COLOR aqua]Choto[/COLOR]</summary>
    <description lang="en">[B]Para los amigos [/B]</description>
    <platform>all</platform>
  </extension>
</addon>
